Nom;Prenom;service;numero_de_telephone;Password
Martan;Namia;reception;« 0606060606 »;Openclass57
Castel;Océane;reception;« 0707070707 »;Openclass57
Akmouche;Sabrina;Compta;« 0808080808 »;Openclass57
Romer;Joachim;Technique;« 0909090909 »;Openclass57
Aksu;Veli;Technique;« 0303030303 »;Openclass57
Nom;Prénom;Compta;"0101010101";Openclass57
Samsar;Hicham;Technique;"0203040506";Openclass57
Ciftci;Djemo;Technique;"0000123456";Openclass57
Ciftci2;Djemo2;Technique;"0000123456";Openclass57
Samsar2;Hicha2;Technique;"0203040506";Openclass57